Workbook

Sheet Notice
B2: DUERP + PAPRIPACT — mode d'emploi
B4: Principe
B5: Onglet DUERP : vous évaluez les risques par unité de travail. Onglet PAPRIPACT : il se remplit automatiquement avec les risques prioritaires à programmer. Onglet Listes : menus déroulants et barèmes.
B7: Méthode de cotation
B8: Criticité BRUTE = Gravité × Fréquence. Criticité RÉSIDUELLE = Gravité × Fréquence × Maîtrise.
B9: Choisissez Gravité, Fréquence et Maîtrise dans les menus déroulants : les criticités et les couleurs se calculent automatiquement.
B11: Échelle de Gravité (G)
B12: 1 – Mineur | D12: Légères coupures et contusions, irritation des yeux, inconfort, maux de tête, brûlures, entorse. Pas d'ITT.
B13: 2 – Significatif | D13: Déchirures, brûlures, commotions, fractures légères, surdités, dermatites, asthmes, TMS, incapacité mineure, ITT sans ITP.
B14: 3 – Critique | D14: Amputations, fractures importantes, intoxications, blessures multiples, cancers ou maladies réduisant sévèrement l'espérance de vie, ITT et ITP.
B15: 4 – Catastrophique | D15: Menace pour la vie d'une ou plusieurs personnes.
B17: Échelle de Fréquence (F)
B18: 1 – Très rare (1×/an)
B19: 2 – Rare (1×/mois)
B20: 3 – Souvent (1×/semaine)
B21: 4 – Quotidien (1×/jour)
B23: Niveau de Maîtrise (coefficient)
B24: 0,1 – Très bonne | D24: Mesures d'ordre collectif ET individuel sur les plans technique, organisationnel et humain.
B25: 0,5 – Bonne | D25: Les mesures de prévention essentielles existent, mais d'autres sont encore possibles.
B26: 1 – À améliorer | D26: Quelques mesures de prévention existent mais sont à améliorer.
B27: 1,5 – Néant | D27: Aucune mesure n'existe, ou il manque une mesure importante, ou les mesures sont inadaptées / non mises en œuvre.
B29: Code couleurs (criticité)
B30: ≤ 4 — Faible
B31: 5 à 8 — Moyen
B32: 9 à 15 — Élevé (→ PAPRIPACT)
B33: ≥ 16 — Critique (→ PAPRIPACT)
B35: Renvoi automatique vers le PAPRIPACT
B36: Toute ligne de criticité RÉSIDUELLE ≥ 9 est reportée automatiquement dans le PAPRIPACT, avec son action, son responsable et son échéance. Le coût estimé et les indicateurs de résultat se complètent dans le PAPRIPACT (ils ne figurent pas dans le DUERP).
B38: Tri & filtres
B39: Chaque tableau possède des filtres (ligne d'en-tête) : triez par criticité, unité, état, famille de risque…
B41: Cadre réglementaire
B42: • DUERP obligatoire dès 1 salarié (art. L4121-3 et L4121-3-1) ; transcrit l'évaluation des risques et la traçabilité collective des expositions.
B43: • Mise à jour : au moins annuelle, à chaque aménagement important et à chaque information nouvelle ; conservation de chaque version ≥ 40 ans.
... B47: Modèle fourni par Destination Prévention — à adapter à votre entreprise. Ne se substitue pas à un conseil personnalisé. Contact : mickael@destination-prevention.fr

Sheet DUERP
A1: DUERP — Document Unique d'Évaluation des Risques Professionnels
A2: N° | B2: Unité de travail / lieu | C2: Famille de risque (INRS) | D2: Situation dangereuse / Danger | E2: Dommage potentiel | F2: Gravité (G) | G2: Fréquence (F) | H2: Criticité BRUTE (G×F) | I2: Niveau brut | J2: Mesures de prévention existantes | K2: Maîtrise | L2: Action de prévention / amélioration | M2: Criticité RÉSIDUELLE (G×F×M) | N2: Niveau résiduel | O2: Priorité PAPRIPACT | P2: Responsable | Q2: Échéance | R2: État
A3: 1 | B3: Atelier de production | C3: Activité physique / manutention manuelle | D3: Port répété de sacs de 30 kg sans aide | E3: Lombalgie, TMS du dos | F3: 3 – Critique | G3: 4 – Quotidien (1×/jour) | H3: =IFERROR(VALUE(LEFT(F3,1))*VALUE(LEFT(G3,1)),"") -> 12 | I3: =IF($H3="","",IF($H3>=16,"Critique",IF($H3>=9,"Élevé",IF($H3>=5,"Moyen","Faible")))) -> Élevé | J3: Diables disponibles ; consignes orales | K3: 1 – À améliorer | L3: Table élévatrice, formation PRAP, rotation des postes | M3: =IF($H3="","",ROUND($H3*IFERROR(VLOOKUP($K3,Listes!$E$2:$F$5,2,FALSE()),1),0)) -> 12 | N3: =IF($M3="","",IF($M3>=16,"Critique",IF($M3>=9,"Élevé",IF($M3>=5,"Moyen","Faible")))) -> Élevé | O3: =IF($M3="","",IF($M3>=9,"OUI","")) -> OUI | P3: Responsable atelier | Q3: 30/06/2026 | R3: À faire | T3: =IFERROR(ROUND(VALUE(LEFT(F3,1))*VALUE(LEFT(G3,1))*IFERROR(VLOOKUP($K3,Listes!$E$2:$F$5,2,FALSE()),1),0),0) -> 12
A4: 2 | B4: Entrepôt | C4: Chute de hauteur | D4: Travail en hauteur sur rack (>3 m) sans protection collective | E4: Chute, traumatisme grave | F4: 4 – Catastrophique | G4: 2 – Rare (1×/mois) | H4: =IFERROR(VALUE(LEFT(F4,1))*VALUE(LEFT(G4,1)),"") -> 8 | I4: =IF($H4="","",IF($H4>=16,"Critique",IF($H4>=9,"Élevé",IF($H4>=5,"Moyen","Faible")))) -> Moyen | J4: Échelle mobile | K4: 1,5 – Néant | L4: Garde-corps / nacelle (PEMP), habilitation hauteur | M4: =IF($H4="","",ROUND($H4*IFERROR(VLOOKUP($K4,Listes!$E$2:$F$5,2,FALSE()),1),0)) -> 12 | N4: =IF($M4="","",IF($M4>=16,"Critique",IF($M4>=9,"Élevé",IF($M4>=5,"Moyen","Faible")))) -> Élevé | O4: =IF($M4="","",IF($M4>=9,"OUI","")) -> OUI | P4: Direction | Q4: 30/09/2026 | R4: À faire | T4: =IFERROR(ROUND(VALUE(LEFT(F4,1))*VALUE(LEFT(G4,1))*IFERROR(VLOOKUP($K4,Listes!$E$2:$F$5,2,FALSE()),1),0),0) -> 12
A5: 3 | B5: Bureaux | C5: Travail sur écran | D5: Poste écran mal réglé, durée prolongée | E5: Fatigue visuelle, TMS | F5: 1 – Mineur | G5: 4 – Quotidien (1×/jour) | H5: =IFERROR(VALUE(LEFT(F5,1))*VALUE(LEFT(G5,1)),"") -> 4 | I5: =IF($H5="","",IF($H5>=16,"Critique",IF($H5>=9,"Élevé",IF($H5>=5,"Moyen","Faible")))) -> Faible | J5: Sièges réglables | K5: 0,5 – Bonne | L5: Réglage des postes, pauses écran, visite médecine du travail | M5: =IF($H5="","",ROUND($H5*IFERROR(VLOOKUP($K5,Listes!$E$2:$F$5,2,FALSE()),1),0)) -> 2 | N5: =IF($M5="","",IF($M5>=16,"Critique",IF($M5>=9,"Élevé",IF($M5>=5,"Moyen","Faible")))) -> Faible | O5: =IF($M5="","",IF($M5>=9,"OUI","")) | P5: RH | Q5: 31/12/2026 | R5: À faire | T5: =IFERROR(ROUND(VALUE(LEFT(F5,1))*VALUE(LEFT(G5,1))*IFERROR(VLOOKUP($K5,Listes!$E$2:$F$5,2,FALSE()),1),0),0) -> 2
A6: 4 | B6: Atelier de production | C6: Bruit | D6: Exposition > 81 dB(A) plusieurs heures/jour | E6: Surdité professionnelle | F6: 2 – Significatif | G6: 3 – Souvent (1×/semaine) | H6: =IFERROR(VALUE(LEFT(F6,1))*VALUE(LEFT(G6,1)),"") -> 6 | I6: =IF($H6="","",IF($H6>=16,"Critique",IF($H6>=9,"Élevé",IF($H6>=5,"Moyen","Faible")))) -> Moyen | J6: Bouchons d'oreille à disposition | K6: 1,5 – Néant | L6: Encoffrement des machines, EPI adaptés, mesurage du bruit | M6: =IF($H6="","",ROUND($H6*IFERROR(VLOOKUP($K6,Listes!$E$2:$F$5,2,FALSE()),1),0)) -> 9 | N6: =IF($M6="","",IF($M6>=16,"Critique",IF($M6>=9,"Élevé",IF($M6>=5,"Moyen","Faible")))) -> Élevé | O6: =IF($M6="","",IF($M6>=9,"OUI","")) -> OUI | P6: Resp. maintenance | Q6: 30/06/2026 | R6: En cours | T6: =IFERROR(ROUND(VALUE(LEFT(F6,1))*VALUE(LEFT(G6,1))*IFERROR(VLOOKUP($K6,Listes!$E$2:$F$5,2,FALSE()),1),0),0) -> 9
H7: =IFERROR(VALUE(LEFT(F7,1))*VALUE(LEFT(G7,1)),"") | I7: =IF($H7="","",IF($H7>=16,"Critique",IF($H7>=9,"Élevé",IF($H7>=5,"Moyen","Faible")))) | M7: =IF($H7="","",ROUND($H7*IFERROR(VLOOKUP($K7,Listes!$E$2:$F$5,2,FALSE()),1),0)) | N7: =IF($M7="","",IF($M7>=16,"Critique",IF($M7>=9,"Élevé",IF($M7>=5,"Moyen","Faible")))) | O7: =IF($M7="","",IF($M7>=9,"OUI","")) | T7: =IFERROR(ROUND(VALUE(LEFT(F7,1))*VALUE(LEFT(G7,1))*IFERROR(VLOOKUP($K7,Listes!$E$2:$F$5,2,FALSE()),1),0),0) -> 0
H8: =IFERROR(VALUE(LEFT(F8,1))*VALUE(LEFT(G8,1)),"") | I8: =IF($H8="","",IF($H8>=16,"Critique",IF($H8>=9,"Élevé",IF($H8>=5,"Moyen","Faible")))) | M8: =IF($H8="","",ROUND($H8*IFERROR(VLOOKUP($K8,Listes!$E$2:$F$5,2,FALSE()),1),0)) | N8: =IF($M8="","",IF($M8>=16,"Critique",IF($M8>=9,"Élevé",IF($M8>=5,"Moyen","Faible")))) | O8: =IF($M8="","",IF($M8>=9,"OUI","")) | T8: =IFERROR(ROUND(VALUE(LEFT(F8,1))*VALUE(LEFT(G8,1))*IFERROR(VLOOKUP($K8,Listes!$E$2:$F$5,2,FALSE()),1),0),0) -> 0
H9: =IFERROR(VALUE(LEFT(F9,1))*VALUE(LEFT(G9,1)),"") | I9: =IF($H9="","",IF($H9>=16,"Critique",IF($H9>=9,"Élevé",IF($H9>=5,"Moyen","Faible")))) | M9: =IF($H9="","",ROUND($H9*IFERROR(VLOOKUP($K9,Listes!$E$2:$F$5,2,FALSE()),1),0)) | N9: =IF($M9="","",IF($M9>=16,"Critique",IF($M9>=9,"Élevé",IF($M9>=5,"Moyen","Faible")))) | O9: =IF($M9="","",IF($M9>=9,"OUI","")) | T9: =IFERROR(ROUND(VALUE(LEFT(F9,1))*VALUE(LEFT(G9,1))*IFERROR(VLOOKUP($K9,Listes!$E$2:$F$5,2,FALSE()),1),0),0) -> 0
H10: =IFERROR(VALUE(LEFT(F10,1))*VALUE(LEFT(G10,1)),"") | I10: =IF($H10="","",IF($H10>=16,"Critique",IF($H10>=9,"Élevé",IF($H10>=5,"Moyen","Faible")))) | M10: =IF($H10="","",ROUND($H10*IFERROR(VLOOKUP($K10,Listes!$E$2:$F$5,2,FALSE()),1),0)) | N10: =IF($M10="","",IF($M10>=16,"Critique",IF($M10>=9,"Élevé",IF($M10>=5,"Moyen","Faible")))) | O10: =IF($M10="","",IF($M10>=9,"OUI","")) | T10: =IFERROR(ROUND(VALUE(LEFT(F10,1))*VALUE(LEFT(G10,1))*IFERROR(VLOOKUP($K10,Listes!$E$2:$F$5,2,FALSE()),1),0),0) -> 0
H11: =IFERROR(VALUE(LEFT(F11,1))*VALUE(LEFT(G11,1)),"") | I11: =IF($H11="","",IF($H11>=16,"Critique",IF($H11>=9,"Élevé",IF($H11>=5,"Moyen","Faible")))) | M11: =IF($H11="","",ROUND($H11*IFERROR(VLOOKUP($K11,Listes!$E$2:$F$5,2,FALSE()),1),0)) | N11: =IF($M11="","",IF($M11>=16,"Critique",IF($M11>=9,"Élevé",IF($M11>=5,"Moyen","Faible")))) | O11: =IF($M11="","",IF($M11>=9,"OUI","")) | T11: =IFERROR(ROUND(VALUE(LEFT(F11,1))*VALUE(LEFT(G11,1))*IFERROR(VLOOKUP($K11,Listes!$E$2:$F$5,2,FALSE()),1),0),0) -> 0
H12: =IFERROR(VALUE(LEFT(F12,1))*VALUE(LEFT(G12,1)),"") | I12: =IF($H12="","",IF($H12>=16,"Critique",IF($H12>=9,"Élevé",IF($H12>=5,"Moyen","Faible")))) | M12: =IF($H12="","",ROUND($H12*IFERROR(VLOOKUP($K12,Listes!$E$2:$F$5,2,FALSE()),1),0)) | N12: =IF($M12="","",IF($M12>=16,"Critique",IF($M12>=9,"Élevé",IF($M12>=5,"Moyen","Faible")))) | O12: =IF($M12="","",IF($M12>=9,"OUI","")) | T12: =IFERROR(ROUND(VALUE(LEFT(F12,1))*VALUE(LEFT(G12,1))*IFERROR(VLOOKUP($K12,Listes!$E$2:$F$5,2,FALSE()),1),0),0) -> 0
H13: =IFERROR(VALUE(LEFT(F13,1))*VALUE(LEFT(G13,1)),"") | I13: =IF($H13="","",IF($H13>=16,"Critique",IF($H13>=9,"Élevé",IF($H13>=5,"Moyen","Faible")))) | M13: =IF($H13="","",ROUND($H13*IFERROR(VLOOKUP($K13,Listes!$E$2:$F$5,2,FALSE()),1),0)) | N13: =IF($M13="","",IF($M13>=16,"Critique",IF($M13>=9,"Élevé",IF($M13>=5,"Moyen","Faible")))) | O13: =IF($M13="","",IF($M13>=9,"OUI","")) | T13: =IFERROR(ROUND(VALUE(LEFT(F13,1))*VALUE(LEFT(G13,1))*IFERROR(VLOOKUP($K13,Listes!$E$2:$F$5,2,FALSE()),1),0),0) -> 0
H14: =IFERROR(VALUE(LEFT(F14,1))*VALUE(LEFT(G14,1)),"") | I14: =IF($H14="","",IF($H14>=16,"Critique",IF($H14>=9,"Élevé",IF($H14>=5,"Moyen","Faible")))) | M14: =IF($H14="","",ROUND($H14*IFERROR(VLOOKUP($K14,Listes!$E$2:$F$5,2,FALSE()),1),0)) | N14: =IF($M14="","",IF($M14>=16,"Critique",IF($M14>=9,"Élevé",IF($M14>=5,"Moyen","Faible")))) | O14: =IF($M14="","",IF($M14>=9,"OUI","")) | T14: =IFERROR(ROUND(VALUE(LEFT(F14,1))*VALUE(LEFT(G14,1))*IFERROR(VLOOKUP($K14,Listes!$E$2:$F$5,2,FALSE()),1),0),0) -> 0
H15: =IFERROR(VALUE(LEFT(F15,1))*VALUE(LEFT(G15,1)),"") | I15: =IF($H15="","",IF($H15>=16,"Critique",IF($H15>=9,"Élevé",IF($H15>=5,"Moyen","Faible")))) | M15: =IF($H15="","",ROUND($H15*IFERROR(VLOOKUP($K15,Listes!$E$2:$F$5,2,FALSE()),1),0)) | N15: =IF($M15="","",IF($M15>=16,"Critique",IF($M15>=9,"Élevé",IF($M15>=5,"Moyen","Faible")))) | O15: =IF($M15="","",IF($M15>=9,"OUI","")) | T15: =IFERROR(ROUND(VALUE(LEFT(F15,1))*VALUE(LEFT(G15,1))*IFERROR(VLOOKUP($K15,Listes!$E$2:$F$5,2,FALSE()),1),0),0) -> 0
H16: =IFERROR(VALUE(LEFT(F16,1))*VALUE(LEFT(G16,1)),"") | I16: =IF($H16="","",IF($H16>=16,"Critique",IF($H16>=9,"Élevé",IF($H16>=5,"Moyen","Faible")))) | M16: =IF($H16="","",ROUND($H16*IFERROR(VLOOKUP($K16,Listes!$E$2:$F$5,2,FALSE()),1),0)) | N16: =IF($M16="","",IF($M16>=16,"Critique",IF($M16>=9,"Élevé",IF($M16>=5,"Moyen","Faible")))) | O16: =IF($M16="","",IF($M16>=9,"OUI","")) | T16: =IFERROR(ROUND(VALUE(LEFT(F16,1))*VALUE(LEFT(G16,1))*IFERROR(VLOOKUP($K16,Listes!$E$2:$F$5,2,FALSE()),1),0),0) -> 0
H17: =IFERROR(VALUE(LEFT(F17,1))*VALUE(LEFT(G17,1)),"") | I17: =IF($H17="","",IF($H17>=16,"Critique",IF($H17>=9,"Élevé",IF($H17>=5,"Moyen","Faible")))) | M17: =IF($H17="","",ROUND($H17*IFERROR(VLOOKUP($K17,Listes!$E$2:$F$5,2,FALSE()),1),0)) | N17: =IF($M17="","",IF($M17>=16,"Critique",IF($M17>=9,"Élevé",IF($M17>=5,"Moyen","Faible")))) | O17: =IF($M17="","",IF($M17>=9,"OUI","")) | T17: =IFERROR(ROUND(VALUE(LEFT(F17,1))*VALUE(LEFT(G17,1))*IFERROR(VLOOKUP($K17,Listes!$E$2:$F$5,2,FALSE()),1),0),0) -> 0
H18: =IFERROR(VALUE(LEFT(F18,1))*VALUE(LEFT(G18,1)),"") | I18: =IF($H18="","",IF($H18>=16,"Critique",IF($H18>=9,"Élevé",IF($H18>=5,"Moyen","Faible")))) | M18: =IF($H18="","",ROUND($H18*IFERROR(VLOOKUP($K18,Listes!$E$2:$F$5,2,FALSE()),1),0)) | N18: =IF($M18="","",IF($M18>=16,"Critique",IF($M18>=9,"Élevé",IF($M18>=5,"Moyen","Faible")))) | O18: =IF($M18="","",IF($M18>=9,"OUI","")) | T18: =IFERROR(ROUND(VALUE(LEFT(F18,1))*VALUE(LEFT(G18,1))*IFERROR(VLOOKUP($K18,Listes!$E$2:$F$5,2,FALSE()),1),0),0) -> 0
... H202: =IFERROR(VALUE(LEFT(F202,1))*VALUE(LEFT(G202,1)),"") | I202: =IF($H202="","",IF($H202>=16,"Critique",IF($H202>=9,"Élevé",IF($H202>=5,"Moyen","Faible")))) | M202: =IF($H202="","",ROUND($H202*IFERROR(VLOOKUP($K202,Listes!$E$2:$F$5,2,FALSE()),1),0)) | N202: =IF($M202="","",IF($M202>=16,"Critique",IF($M202>=9,"Élevé",IF($M202>=5,"Moyen","Faible")))) | O202: =IF($M202="","",IF($M202>=9,"OUI","")) | T202: =IFERROR(ROUND(VALUE(LEFT(F202,1))*VALUE(LEFT(G202,1))*IFERROR(VLOOKUP($K202,Listes!$E$2:$F$5,2,FALSE()),1),0),0) -> 0

Sheet PAPRIPACT
A1: PAPRIPACT — Programme Annuel de Prévention des Risques et d'Amélioration des Conditions de Travail
A2: Alimentation automatique depuis le DUERP : les risques de criticité RÉSIDUELLE ≥ 9 (Élevé / Critique) sont reportés ici. Complétez le coût estimé et les indicateurs de résultat (non saisis dans le DUERP).
A3: Réf. | B3: Unité de travail / lieu | C3: Famille de risque | D3: Situation dangereuse / Danger | E3: Criticité brute | F3: Action de prévention / amélioration | G3: Criticité résiduelle | H3: Responsable | I3: Échéance | J3: État | K3: Coût estimé (€) | L3: Indicateurs de résultat
A4: =IF($N4="","",INDEX(DUERP!$A:$A,$N4)) -> 1 | B4: =IF($N4="","",INDEX(DUERP!$B:$B,$N4)) -> Atelier de production | C4: =IF($N4="","",INDEX(DUERP!$C:$C,$N4)) -> Activité physique / manutention manuelle | D4: =IF($N4="","",INDEX(DUERP!$D:$D,$N4)) -> Port répété de sacs de 30 kg sans aide | E4: =IF($N4="","",INDEX(DUERP!$H:$H,$N4)) -> 12 | F4: =IF($N4="","",INDEX(DUERP!$L:$L,$N4)) -> Table élévatrice, formation PRAP, rotation des postes | G4: =IF($N4="","",INDEX(DUERP!$M:$M,$N4)) -> 12 | H4: =IF($N4="","",INDEX(DUERP!$P:$P,$N4)) -> Responsable atelier | I4: =IF($N4="","",INDEX(DUERP!$Q:$Q,$N4)) -> 30/06/2026 | J4: =IF($N4="","",INDEX(DUERP!$R:$R,$N4)) -> À faire | N4: =IFERROR(_xlfn.AGGREGATE(15,6,ROW(DUERP!$T$3:$T$202)/(DUERP!$T$3:$T$202>=9),ROWS($N$4:$N4)),"") -> 3
A5: =IF($N5="","",INDEX(DUERP!$A:$A,$N5)) -> 2 | B5: =IF($N5="","",INDEX(DUERP!$B:$B,$N5)) -> Entrepôt | C5: =IF($N5="","",INDEX(DUERP!$C:$C,$N5)) -> Chute de hauteur | D5: =IF($N5="","",INDEX(DUERP!$D:$D,$N5)) -> Travail en hauteur sur rack (>3 m) sans protection collective | E5: =IF($N5="","",INDEX(DUERP!$H:$H,$N5)) -> 8 | F5: =IF($N5="","",INDEX(DUERP!$L:$L,$N5)) -> Garde-corps / nacelle (PEMP), habilitation hauteur | G5: =IF($N5="","",INDEX(DUERP!$M:$M,$N5)) -> 12 | H5: =IF($N5="","",INDEX(DUERP!$P:$P,$N5)) -> Direction | I5: =IF($N5="","",INDEX(DUERP!$Q:$Q,$N5)) -> 30/09/2026 | J5: =IF($N5="","",INDEX(DUERP!$R:$R,$N5)) -> À faire | N5: =IFERROR(_xlfn.AGGREGATE(15,6,ROW(DUERP!$T$3:$T$202)/(DUERP!$T$3:$T$202>=9),ROWS($N$4:$N5)),"") -> 4
A6: =IF($N6="","",INDEX(DUERP!$A:$A,$N6)) -> 4 | B6: =IF($N6="","",INDEX(DUERP!$B:$B,$N6)) -> Atelier de production | C6: =IF($N6="","",INDEX(DUERP!$C:$C,$N6)) -> Bruit | D6: =IF($N6="","",INDEX(DUERP!$D:$D,$N6)) -> Exposition > 81 dB(A) plusieurs heures/jour | E6: =IF($N6="","",INDEX(DUERP!$H:$H,$N6)) -> 6 | F6: =IF($N6="","",INDEX(DUERP!$L:$L,$N6)) -> Encoffrement des machines, EPI adaptés, mesurage du bruit | G6: =IF($N6="","",INDEX(DUERP!$M:$M,$N6)) -> 9 | H6: =IF($N6="","",INDEX(DUERP!$P:$P,$N6)) -> Resp. maintenance | I6: =IF($N6="","",INDEX(DUERP!$Q:$Q,$N6)) -> 30/06/2026 | J6: =IF($N6="","",INDEX(DUERP!$R:$R,$N6)) -> En cours | N6: =IFERROR(_xlfn.AGGREGATE(15,6,ROW(DUERP!$T$3:$T$202)/(DUERP!$T$3:$T$202>=9),ROWS($N$4:$N6)),"") -> 6
A7: =IF($N7="","",INDEX(DUERP!$A:$A,$N7)) | B7: =IF($N7="","",INDEX(DUERP!$B:$B,$N7)) | C7: =IF($N7="","",INDEX(DUERP!$C:$C,$N7)) | D7: =IF($N7="","",INDEX(DUERP!$D:$D,$N7)) | E7: =IF($N7="","",INDEX(DUERP!$H:$H,$N7)) | F7: =IF($N7="","",INDEX(DUERP!$L:$L,$N7)) | G7: =IF($N7="","",INDEX(DUERP!$M:$M,$N7)) | H7: =IF($N7="","",INDEX(DUERP!$P:$P,$N7)) | I7: =IF($N7="","",INDEX(DUERP!$Q:$Q,$N7)) | J7: =IF($N7="","",INDEX(DUERP!$R:$R,$N7)) | N7: =IFERROR(_xlfn.AGGREGATE(15,6,ROW(DUERP!$T$3:$T$202)/(DUERP!$T$3:$T$202>=9),ROWS($N$4:$N7)),"")
A8: =IF($N8="","",INDEX(DUERP!$A:$A,$N8)) | B8: =IF($N8="","",INDEX(DUERP!$B:$B,$N8)) | C8: =IF($N8="","",INDEX(DUERP!$C:$C,$N8)) | D8: =IF($N8="","",INDEX(DUERP!$D:$D,$N8)) | E8: =IF($N8="","",INDEX(DUERP!$H:$H,$N8)) | F8: =IF($N8="","",INDEX(DUERP!$L:$L,$N8)) | G8: =IF($N8="","",INDEX(DUERP!$M:$M,$N8)) | H8: =IF($N8="","",INDEX(DUERP!$P:$P,$N8)) | I8: =IF($N8="","",INDEX(DUERP!$Q:$Q,$N8)) | J8: =IF($N8="","",INDEX(DUERP!$R:$R,$N8)) | N8: =IFERROR(_xlfn.AGGREGATE(15,6,ROW(DUERP!$T$3:$T$202)/(DUERP!$T$3:$T$202>=9),ROWS($N$4:$N8)),"")
A9: =IF($N9="","",INDEX(DUERP!$A:$A,$N9)) | B9: =IF($N9="","",INDEX(DUERP!$B:$B,$N9)) | C9: =IF($N9="","",INDEX(DUERP!$C:$C,$N9)) | D9: =IF($N9="","",INDEX(DUERP!$D:$D,$N9)) | E9: =IF($N9="","",INDEX(DUERP!$H:$H,$N9)) | F9: =IF($N9="","",INDEX(DUERP!$L:$L,$N9)) | G9: =IF($N9="","",INDEX(DUERP!$M:$M,$N9)) | H9: =IF($N9="","",INDEX(DUERP!$P:$P,$N9)) | I9: =IF($N9="","",INDEX(DUERP!$Q:$Q,$N9)) | J9: =IF($N9="","",INDEX(DUERP!$R:$R,$N9)) | N9: =IFERROR(_xlfn.AGGREGATE(15,6,ROW(DUERP!$T$3:$T$202)/(DUERP!$T$3:$T$202>=9),ROWS($N$4:$N9)),"")
A10: =IF($N10="","",INDEX(DUERP!$A:$A,$N10)) | B10: =IF($N10="","",INDEX(DUERP!$B:$B,$N10)) | C10: =IF($N10="","",INDEX(DUERP!$C:$C,$N10)) | D10: =IF($N10="","",INDEX(DUERP!$D:$D,$N10)) | E10: =IF($N10="","",INDEX(DUERP!$H:$H,$N10)) | F10: =IF($N10="","",INDEX(DUERP!$L:$L,$N10)) | G10: =IF($N10="","",INDEX(DUERP!$M:$M,$N10)) | H10: =IF($N10="","",INDEX(DUERP!$P:$P,$N10)) | I10: =IF($N10="","",INDEX(DUERP!$Q:$Q,$N10)) | J10: =IF($N10="","",INDEX(DUERP!$R:$R,$N10)) | N10: =IFERROR(_xlfn.AGGREGATE(15,6,ROW(DUERP!$T$3:$T$202)/(DUERP!$T$3:$T$202>=9),ROWS($N$4:$N10)),"")
A11: =IF($N11="","",INDEX(DUERP!$A:$A,$N11)) | B11: =IF($N11="","",INDEX(DUERP!$B:$B,$N11)) | C11: =IF($N11="","",INDEX(DUERP!$C:$C,$N11)) | D11: =IF($N11="","",INDEX(DUERP!$D:$D,$N11)) | E11: =IF($N11="","",INDEX(DUERP!$H:$H,$N11)) | F11: =IF($N11="","",INDEX(DUERP!$L:$L,$N11)) | G11: =IF($N11="","",INDEX(DUERP!$M:$M,$N11)) | H11: =IF($N11="","",INDEX(DUERP!$P:$P,$N11)) | I11: =IF($N11="","",INDEX(DUERP!$Q:$Q,$N11)) | J11: =IF($N11="","",INDEX(DUERP!$R:$R,$N11)) | N11: =IFERROR(_xlfn.AGGREGATE(15,6,ROW(DUERP!$T$3:$T$202)/(DUERP!$T$3:$T$202>=9),ROWS($N$4:$N11)),"")
A12: =IF($N12="","",INDEX(DUERP!$A:$A,$N12)) | B12: =IF($N12="","",INDEX(DUERP!$B:$B,$N12)) | C12: =IF($N12="","",INDEX(DUERP!$C:$C,$N12)) | D12: =IF($N12="","",INDEX(DUERP!$D:$D,$N12)) | E12: =IF($N12="","",INDEX(DUERP!$H:$H,$N12)) | F12: =IF($N12="","",INDEX(DUERP!$L:$L,$N12)) | G12: =IF($N12="","",INDEX(DUERP!$M:$M,$N12)) | H12: =IF($N12="","",INDEX(DUERP!$P:$P,$N12)) | I12: =IF($N12="","",INDEX(DUERP!$Q:$Q,$N12)) | J12: =IF($N12="","",INDEX(DUERP!$R:$R,$N12)) | N12: =IFERROR(_xlfn.AGGREGATE(15,6,ROW(DUERP!$T$3:$T$202)/(DUERP!$T$3:$T$202>=9),ROWS($N$4:$N12)),"")
A13: =IF($N13="","",INDEX(DUERP!$A:$A,$N13)) | B13: =IF($N13="","",INDEX(DUERP!$B:$B,$N13)) | C13: =IF($N13="","",INDEX(DUERP!$C:$C,$N13)) | D13: =IF($N13="","",INDEX(DUERP!$D:$D,$N13)) | E13: =IF($N13="","",INDEX(DUERP!$H:$H,$N13)) | F13: =IF($N13="","",INDEX(DUERP!$L:$L,$N13)) | G13: =IF($N13="","",INDEX(DUERP!$M:$M,$N13)) | H13: =IF($N13="","",INDEX(DUERP!$P:$P,$N13)) | I13: =IF($N13="","",INDEX(DUERP!$Q:$Q,$N13)) | J13: =IF($N13="","",INDEX(DUERP!$R:$R,$N13)) | N13: =IFERROR(_xlfn.AGGREGATE(15,6,ROW(DUERP!$T$3:$T$202)/(DUERP!$T$3:$T$202>=9),ROWS($N$4:$N13)),"")
A14: =IF($N14="","",INDEX(DUERP!$A:$A,$N14)) | B14: =IF($N14="","",INDEX(DUERP!$B:$B,$N14)) | C14: =IF($N14="","",INDEX(DUERP!$C:$C,$N14)) | D14: =IF($N14="","",INDEX(DUERP!$D:$D,$N14)) | E14: =IF($N14="","",INDEX(DUERP!$H:$H,$N14)) | F14: =IF($N14="","",INDEX(DUERP!$L:$L,$N14)) | G14: =IF($N14="","",INDEX(DUERP!$M:$M,$N14)) | H14: =IF($N14="","",INDEX(DUERP!$P:$P,$N14)) | I14: =IF($N14="","",INDEX(DUERP!$Q:$Q,$N14)) | J14: =IF($N14="","",INDEX(DUERP!$R:$R,$N14)) | N14: =IFERROR(_xlfn.AGGREGATE(15,6,ROW(DUERP!$T$3:$T$202)/(DUERP!$T$3:$T$202>=9),ROWS($N$4:$N14)),"")
A15: =IF($N15="","",INDEX(DUERP!$A:$A,$N15)) | B15: =IF($N15="","",INDEX(DUERP!$B:$B,$N15)) | C15: =IF($N15="","",INDEX(DUERP!$C:$C,$N15)) | D15: =IF($N15="","",INDEX(DUERP!$D:$D,$N15)) | E15: =IF($N15="","",INDEX(DUERP!$H:$H,$N15)) | F15: =IF($N15="","",INDEX(DUERP!$L:$L,$N15)) | G15: =IF($N15="","",INDEX(DUERP!$M:$M,$N15)) | H15: =IF($N15="","",INDEX(DUERP!$P:$P,$N15)) | I15: =IF($N15="","",INDEX(DUERP!$Q:$Q,$N15)) | J15: =IF($N15="","",INDEX(DUERP!$R:$R,$N15)) | N15: =IFERROR(_xlfn.AGGREGATE(15,6,ROW(DUERP!$T$3:$T$202)/(DUERP!$T$3:$T$202>=9),ROWS($N$4:$N15)),"")
... A93: =IF($N93="","",INDEX(DUERP!$A:$A,$N93)) | B93: =IF($N93="","",INDEX(DUERP!$B:$B,$N93)) | C93: =IF($N93="","",INDEX(DUERP!$C:$C,$N93)) | D93: =IF($N93="","",INDEX(DUERP!$D:$D,$N93)) | E93: =IF($N93="","",INDEX(DUERP!$H:$H,$N93)) | F93: =IF($N93="","",INDEX(DUERP!$L:$L,$N93)) | G93: =IF($N93="","",INDEX(DUERP!$M:$M,$N93)) | H93: =IF($N93="","",INDEX(DUERP!$P:$P,$N93)) | I93: =IF($N93="","",INDEX(DUERP!$Q:$Q,$N93)) | J93: =IF($N93="","",INDEX(DUERP!$R:$R,$N93)) | N93: =IFERROR(_xlfn.AGGREGATE(15,6,ROW(DUERP!$T$3:$T$202)/(DUERP!$T$3:$T$202>=9),ROWS($N$4:$N93)),"")

Sheet Listes
A1: Famille de risque (INRS) | C1: Gravité | D1: Fréquence | E1: Maîtrise | F1: Coeff | G1: Définition | H1: État
A2: Chute de plain-pied | C2: 1 – Mineur | D2: 1 – Très rare (1×/an) | E2: 0,1 – Très bonne | F2: 0.1 | G2: Mesures d'ordre collectif ET individuel sur les plans technique, organisationnel et humain. | H2: À faire
A3: Chute de hauteur | C3: 2 – Significatif | D3: 2 – Rare (1×/mois) | E3: 0,5 – Bonne | F3: 0.5 | G3: Les mesures de prévention essentielles existent, mais d'autres sont encore possibles. | H3: En cours
A4: Activité physique / manutention manuelle | C4: 3 – Critique | D4: 3 – Souvent (1×/semaine) | E4: 1 – À améliorer | F4: 1 | G4: Quelques mesures de prévention existent mais sont à améliorer. | H4: Réalisé
A5: Manutention mécanique (levage, engins) | C5: 4 – Catastrophique | D5: 4 – Quotidien (1×/jour) | E5: 1,5 – Néant | F5: 1.5 | G5: Aucune mesure n'existe, ou il manque une mesure importante, ou les mesures sont inadaptées / non mises en œuvre. | H5: Reporté
A6: Circulation & déplacements internes
A7: Risque routier (mission / trajet)
A8: Machines & équipements de travail
A9: Outils à main
A10: Effondrement & chute d'objets
A11: Risque chimique (produits, ACD / CMR)
A12: Poussières & fumées
A13: Risque biologique
A14: Équipements sous pression
A15: Incendie & explosion
A16: Risque électrique
A17: Bruit
... A31: Autres risques
